Context Precision,Context Recall,Faithfulness,Answer Relevancy,Answer Similarity,Answer Correctness
0.0,0.0,0.8095238095238094,0.8119248900766698,0.7632248419061841,0.43723484415968195
