Context Precision,Context Recall,Faithfulness,Answer Relevancy,Answer Similarity,Answer Correctness
0.999999999947619,0.9285714285714286,0.765950715950716,0.9673128310167787,0.9506146453153264,0.6280344953262675
